<?xml version="1.0" encoding="UTF-8"?>
<!-- Created with TexturePacker http://www.codeandweb.com/texturepacker-->
<!-- $TexturePacker:SmartUpdate:b716c984b1605f3fb7986f09a1122166:80a791fa7206b45fad2c86fd88772866:628d44f20a20d4ab7a3617802fac7201$ -->
<TextureAtlas imagePath="atlas.png">
    <SubTexture name="benchmark_object" x="770" y="173" width="32" height="32"/>
    <SubTexture name="benchmark_object_small" x="1009" y="1" width="8" height="8"/>
    <SubTexture name="brush" x="515" y="144" width="62" height="62" frameX="0" frameY="-1" frameWidth="64" frameHeight="64"/>
    <SubTexture name="button_back" x="167" y="530" width="88" height="41"/>
    <SubTexture name="button_big" x="167" y="145" width="127" height="42"/>
    <SubTexture name="button_medium" x="167" y="188" width="127" height="38"/>
    <SubTexture name="button_normal" x="167" y="227" width="127" height="32"/>
    <SubTexture name="button_normal_disabled" x="167" y="260" width="127" height="32"/>
    <SubTexture name="button_normal_down" x="167" y="293" width="127" height="32"/>
    <SubTexture name="button_normal_over" x="167" y="326" width="127" height="32"/>
    <SubTexture name="button_square" x="515" y="207" width="42" height="42"/>
    <SubTexture name="flight_00" x="1" y="145" width="165" height="163" frameX="-42" frameY="-21" frameWidth="220" frameHeight="220"/>
    <SubTexture name="flight_01" x="1" y="309" width="165" height="160" frameX="-42" frameY="-23" frameWidth="220" frameHeight="220"/>
    <SubTexture name="flight_02" x="295" y="337" width="165" height="149" frameX="-42" frameY="-33" frameWidth="220" frameHeight="220"/>
    <SubTexture name="flight_03" x="578" y="173" width="191" height="142" frameX="-16" frameY="-37" frameWidth="220" frameHeight="220"/>
    <SubTexture name="flight_04" x="808" y="1" width="200" height="108" frameX="-8" frameY="-68" frameWidth="220" frameHeight="220"/>
    <SubTexture name="flight_05" x="851" y="353" width="165" height="138" frameX="-42" frameY="-67" frameWidth="220" frameHeight="220"/>
    <SubTexture name="flight_06" x="1" y="470" width="165" height="143" frameX="-42" frameY="-66" frameWidth="220" frameHeight="220"/>
    <SubTexture name="flight_07" x="685" y="353" width="165" height="140" frameX="-42" frameY="-66" frameWidth="220" frameHeight="220"/>
    <SubTexture name="flight_08" x="851" y="492" width="165" height="129" frameX="-42" frameY="-67" frameWidth="220" frameHeight="220"/>
    <SubTexture name="flight_09" x="461" y="483" width="165" height="129" frameX="-42" frameY="-69" frameWidth="220" frameHeight="220"/>
    <SubTexture name="flight_10" x="292" y="487" width="165" height="128" frameX="-42" frameY="-72" frameWidth="220" frameHeight="220"/>
    <SubTexture name="flight_11" x="627" y="494" width="165" height="126" frameX="-42" frameY="-74" frameWidth="220" frameHeight="220"/>
    <SubTexture name="flight_12" x="770" y="244" width="188" height="108" frameX="-19" frameY="-75" frameWidth="220" frameHeight="220"/>
    <SubTexture name="flight_13" x="808" y="110" width="199" height="133" frameX="-8" frameY="-50" frameWidth="220" frameHeight="220"/>
    <SubTexture name="gamua-logo" x="322" y="144" width="192" height="192"/>
    <SubTexture name="logo" x="1" y="1" width="320" height="143"/>
    <SubTexture name="starling_front" x="167" y="359" width="124" height="170"/>
    <SubTexture name="starling_rocket" x="322" y="1" width="256" height="142"/>
    <SubTexture name="starling_round" x="515" y="316" width="169" height="166" frameX="0" frameY="0" frameWidth="169" frameHeight="167"/>
    <SubTexture name="starling_sheet" x="579" y="1" width="228" height="171"/>
</TextureAtlas>
