{"bones":[{"name":"root"},{"name":"bone1","parent":"root","length":41.69,"x":0.25,"y":-16.49,"rotation":97.18},{"name":"bone2","parent":"bone1","length":45.83,"x":44.37,"y":3.72,"rotation":-3.6},{"name":"bone3","parent":"bone1","length":26.16,"x":36.19,"y":16.28,"rotation":111.5},{"name":"bone5","parent":"bone1","length":24.59,"x":32.29,"y":-18.25,"rotation":-160.27},{"name":"bone7","parent":"bone1","length":48.14,"x":0.29,"y":9.26,"rotation":147.85},{"name":"bone8","parent":"bone1","length":47.92,"x":-2.12,"y":-6.39,"rotation":-170.86},{"name":"bone10","parent":"bone8","length":19.06,"x":46.59,"y":1.38,"rotation":83.5},{"name":"bone9","parent":"bone7","length":20.73,"x":46.95,"y":0.4,"rotation":110.42}],"slots":[{"name":"Arm2","bone":"bone5","attachment":"Arm"},{"name":"LeftFoot","bone":"bone10","attachment":"LeftFoot"},{"name":"Body","bone":"bone1","attachment":"Body"},{"name":"Head","bone":"bone2","attachment":"Head"},{"name":"RightFoot","bone":"bone9","attachment":"RightFoot"},{"name":"Arm","bone":"bone3","attachment":"Arm"}],"skins":{"default":{"Arm":{"Arm":{"x":30.59,"y":9.92,"rotation":151.31,"width":59,"height":58}},"Arm2":{"Arm":{"x":30.39,"y":9.43,"rotation":152.27,"width":59,"height":58}},"Body":{"Body":{"x":17.32,"y":-2.42,"rotation":-97.18,"width":78,"height":78}},"Head":{"Head":{"x":39.79,"y":0.43,"rotation":-93.33,"width":93,"height":91}},"LeftFoot":{"LeftFoot":{"x":8.17,"y":3.16,"rotation":-75.39,"width":47,"height":56}},"RightFoot":{"RightFoot":{"x":12.82,"y":2.55,"rotation":-70.55,"width":47,"height":56}}}},"animations":{"idle":{"bones":{"bone3":{"rotate":[{"time":0,"angle":0},{"time":0.6666,"angle":8.97},{"time":1.3333,"angle":0}],"translate":[{"time":0,"x":0,"y":0},{"time":0.6666,"x":4.14,"y":1.25},{"time":1.3333,"x":0,"y":0}]},"bone5":{"rotate":[{"time":0,"angle":0},{"time":0.6666,"angle":-8.32},{"time":1.3333,"angle":0}],"translate":[{"time":0,"x":0,"y":0},{"time":0.6666,"x":4.74,"y":-1.04},{"time":1.3333,"x":0,"y":0}]},"bone2":{"rotate":[{"time":0,"angle":0},{"time":0.6666,"angle":-2.25},{"time":1.3333,"angle":0}],"translate":[{"time":0,"x":0,"y":0},{"time":0.6666,"x":2.83,"y":-2.13},{"time":1.3333,"x":0.03,"y":0.01}]},"bone7":{"rotate":[{"time":0,"angle":0}],"translate":[{"time":0,"x":0,"y":0}]},"bone9":{"rotate":[{"time":0,"angle":0}],"translate":[{"time":0,"x":0,"y":0}]},"bone8":{"rotate":[{"time":0,"angle":0}],"translate":[{"time":0,"x":0,"y":0}]},"bone10":{"rotate":[{"time":0,"angle":0}],"translate":[{"time":0,"x":0,"y":0}]},"bone1":{"rotate":[{"time":0,"angle":0}]}}},"jump":{"bones":{"bone3":{"rotate":[{"time":0,"angle":-187.44}],"translate":[{"time":0,"x":-1.65,"y":-16.64}]},"bone5":{"rotate":[{"time":0,"angle":295.07}],"translate":[{"time":0,"x":7.83,"y":37.59}]},"bone7":{"rotate":[{"time":0,"angle":-265.06}],"translate":[{"time":0,"x":0,"y":0}]},"bone9":{"rotate":[{"time":0,"angle":-66.41}],"translate":[{"time":0,"x":-8.45,"y":-11.5}]},"bone8":{"rotate":[{"time":0,"angle":301.16}],"translate":[{"time":0,"x":-6.42,"y":15.88}]},"bone2":{"rotate":[{"time":0,"angle":18.55}],"translate":[{"time":0,"x":1.69,"y":6.43}]},"bone10":{"rotate":[{"time":0,"angle":0}],"translate":[{"time":0,"x":0,"y":0}]},"bone1":{"rotate":[{"time":0,"angle":-29.29}]}}},"walk":{"bones":{"bone7":{"rotate":[{"time":0,"angle":-29.15},{"time":0.5,"angle":-295.14},{"time":1,"angle":-29.15}],"translate":[{"time":0,"x":0,"y":0},{"time":0.5,"x":-5.73,"y":-6.81},{"time":1,"x":0,"y":0}]},"bone8":{"rotate":[{"time":0,"angle":28.35},{"time":0.5,"angle":286.36},{"time":1,"angle":28.35}],"translate":[{"time":0,"x":0,"y":0,"curve":"stepped"},{"time":1,"x":0,"y":0}]},"bone9":{"rotate":[{"time":0,"angle":-29.3},{"time":0.1333,"angle":-1.33},{"time":0.2333,"angle":-11.38},{"time":0.4,"angle":-27.86},{"time":1,"angle":-17.85}],"translate":[{"time":0,"x":0,"y":0},{"time":0.2333,"x":-12.23,"y":0.91},{"time":0.4,"x":-5.18,"y":6.06},{"time":0.5,"x":7.43,"y":4.21},{"time":1,"x":0,"y":0}],"scale":[{"time":0.2333,"x":1.084,"y":1.084}]},"bone10":{"rotate":[{"time":0,"angle":6.01,"curve":"stepped"},{"time":0.2,"angle":6.01},{"time":0.2333,"angle":9.54},{"time":0.3333,"angle":35.76},{"time":0.5,"angle":-8.73},{"time":0.7333,"angle":20.13},{"time":1,"angle":6.01}],"translate":[{"time":0,"x":0,"y":0},{"time":0.5,"x":9.97,"y":0.72},{"time":0.6333,"x":-11.49,"y":-6.89},{"time":1,"x":0,"y":0}]},"bone3":{"rotate":[{"time":0,"angle":-280.48},{"time":0.5,"angle":0.25},{"time":1,"angle":79.51}],"translate":[{"time":0,"x":-4.2,"y":-5.23},{"time":0.5,"x":-0.21,"y":-1.74},{"time":1,"x":-4.2,"y":-5.23}]},"bone5":{"rotate":[{"time":0,"angle":293.4},{"time":0.5,"angle":18.04},{"time":1,"angle":-66.59}],"translate":[{"time":0,"x":0.66,"y":8.78},{"time":0.5,"x":1.31,"y":3.38},{"time":1,"x":0.66,"y":8.78}]},"bone2":{"rotate":[{"time":0,"angle":-3.58},{"time":0.2333,"angle":-10.02},{"time":0.5,"angle":-3.58},{"time":0.7666,"angle":-0.08},{"time":1,"angle":-3.58}],"translate":[{"time":0,"x":0,"y":0,"curve":"stepped"},{"time":1,"x":0,"y":0}]},"root":{"rotate":[{"time":1,"angle":0}],"translate":[{"time":1,"x":0,"y":0}]},"bone1":{"rotate":[{"time":0,"angle":0,"curve":"stepped"},{"time":1,"angle":0}],"translate":[{"time":0,"x":0,"y":0},{"time":0.2666,"x":0,"y":5},{"time":0.5,"x":0,"y":0},{"time":0.7666,"x":0,"y":3.99},{"time":1,"x":0,"y":0}]}}}}}