<?xml version="1.0" encoding="UTF-8"?>
<!-- Created with TexturePacker http://www.codeandweb.com/texturepacker-->
<!-- $TexturePacker:SmartUpdate:b716c984b1605f3fb7986f09a1122166:80a791fa7206b45fad2c86fd88772866:628d44f20a20d4ab7a3617802fac7201$ -->
<TextureAtlas imagePath="atlas.png">
    <SubTexture name="benchmark_object" x="1027" y="369" width="63" height="63" frameX="-1" frameY="-1" frameWidth="64" frameHeight="64"/>
    <SubTexture name="benchmark_object_small" x="2015" y="1" width="16" height="16"/>
    <SubTexture name="brush" x="1871" y="571" width="128" height="124" frameX="0" frameY="-2" frameWidth="128" frameHeight="128"/>
    <SubTexture name="button_back" x="1871" y="489" width="175" height="81"/>
    <SubTexture name="button_big" x="333" y="288" width="253" height="83"/>
    <SubTexture name="button_medium" x="333" y="372" width="253" height="75"/>
    <SubTexture name="button_normal" x="333" y="448" width="253" height="63"/>
    <SubTexture name="button_normal_disabled" x="333" y="512" width="253" height="63"/>
    <SubTexture name="button_normal_down" x="333" y="576" width="253" height="63"/>
    <SubTexture name="button_normal_over" x="333" y="640" width="253" height="63"/>
    <SubTexture name="button_square" x="1027" y="285" width="83" height="83"/>
    <SubTexture name="flight_00" x="1" y="288" width="331" height="327" frameX="-83" frameY="-41" frameWidth="440" frameHeight="440"/>
    <SubTexture name="flight_01" x="1" y="616" width="331" height="321" frameX="-83" frameY="-46" frameWidth="440" frameHeight="440"/>
    <SubTexture name="flight_02" x="587" y="670" width="331" height="301" frameX="-83" frameY="-64" frameWidth="440" frameHeight="440"/>
    <SubTexture name="flight_03" x="1111" y="344" width="382" height="285" frameX="-32" frameY="-74" frameWidth="440" frameHeight="440"/>
    <SubTexture name="flight_04" x="1612" y="1" width="402" height="218" frameX="-15" frameY="-135" frameWidth="440" frameHeight="440"/>
    <SubTexture name="flight_05" x="1698" y="707" width="331" height="278" frameX="-83" frameY="-133" frameWidth="440" frameHeight="440"/>
    <SubTexture name="flight_06" x="1" y="938" width="331" height="287" frameX="-83" frameY="-132" frameWidth="440" frameHeight="440"/>
    <SubTexture name="flight_07" x="1366" y="707" width="331" height="281" frameX="-83" frameY="-132" frameWidth="440" frameHeight="440"/>
    <SubTexture name="flight_08" x="1698" y="986" width="331" height="259" frameX="-83" frameY="-134" frameWidth="440" frameHeight="440"/>
    <SubTexture name="flight_09" x="919" y="964" width="331" height="259" frameX="-83" frameY="-138" frameWidth="440" frameHeight="440"/>
    <SubTexture name="flight_10" x="582" y="972" width="331" height="257" frameX="-83" frameY="-143" frameWidth="440" frameHeight="440"/>
    <SubTexture name="flight_11" x="1251" y="989" width="331" height="252" frameX="-83" frameY="-148" frameWidth="440" frameHeight="440"/>
    <SubTexture name="flight_12" x="1494" y="489" width="376" height="217" frameX="-38" frameY="-150" frameWidth="440" frameHeight="440"/>
    <SubTexture name="flight_13" x="1612" y="220" width="399" height="268" frameX="-15" frameY="-99" frameWidth="440" frameHeight="440"/>
    <SubTexture name="gamua-logo" x="642" y="285" width="384" height="384"/>
    <SubTexture name="logo" x="1" y="1" width="640" height="286"/>
    <SubTexture name="starling_front" x="333" y="704" width="248" height="339"/>
    <SubTexture name="starling_rocket" x="642" y="1" width="512" height="283"/>
    <SubTexture name="starling_round" x="1027" y="630" width="338" height="333" frameX="0" frameY="0" frameWidth="338" frameHeight="334"/>
    <SubTexture name="starling_sheet" x="1155" y="1" width="456" height="342"/>
</TextureAtlas>
