<?xml version="1.0" encoding="UTF-8"?>
<!-- Created with TexturePacker http://texturepacker.com-->
<!-- $TexturePacker:SmartUpdate:dfd3bdc72fbf90a5c209dee8b9b915fa$ -->
<TextureAtlas imagePath="heroMobile.png">
    <SubTexture name="fly/0000" x="113" y="440" width="109" height="70" frameX="-85" frameY="-76" frameWidth="275" frameHeight="200"/>
    <SubTexture name="fly/0001" x="113" y="440" width="109" height="70" frameX="-85" frameY="-76" frameWidth="275" frameHeight="200"/>
    <SubTexture name="fly/0002" x="113" y="440" width="109" height="70" frameX="-85" frameY="-76" frameWidth="275" frameHeight="200"/>
    <SubTexture name="fly/0003" x="113" y="440" width="109" height="70" frameX="-85" frameY="-76" frameWidth="275" frameHeight="200"/>
    <SubTexture name="fly/0004" x="113" y="440" width="109" height="70" frameX="-85" frameY="-76" frameWidth="275" frameHeight="200"/>
    <SubTexture name="fly/0005" x="113" y="440" width="109" height="70" frameX="-85" frameY="-76" frameWidth="275" frameHeight="200"/>
    <SubTexture name="fly/0006" x="113" y="440" width="109" height="70" frameX="-85" frameY="-76" frameWidth="275" frameHeight="200"/>
    <SubTexture name="fly/0007" x="337" y="406" width="109" height="68" frameX="-85" frameY="-78" frameWidth="275" frameHeight="200"/>
    <SubTexture name="fly/0008" x="337" y="406" width="109" height="68" frameX="-85" frameY="-78" frameWidth="275" frameHeight="200"/>
    <SubTexture name="fly/0009" x="337" y="406" width="109" height="68" frameX="-85" frameY="-78" frameWidth="275" frameHeight="200"/>
    <SubTexture name="fly/0010" x="337" y="406" width="109" height="68" frameX="-85" frameY="-78" frameWidth="275" frameHeight="200"/>
    <SubTexture name="fly/0011" x="337" y="406" width="109" height="68" frameX="-85" frameY="-78" frameWidth="275" frameHeight="200"/>
    <SubTexture name="fly/0012" x="337" y="406" width="109" height="68" frameX="-85" frameY="-78" frameWidth="275" frameHeight="200"/>
    <SubTexture name="fly/0013" x="337" y="406" width="109" height="68" frameX="-85" frameY="-78" frameWidth="275" frameHeight="200"/>
    <SubTexture name="descent/0000" x="115" y="116" width="109" height="112" frameX="-71" frameY="-43" frameWidth="275" frameHeight="200"/>
    <SubTexture name="descent/0001" x="115" y="116" width="109" height="112" frameX="-71" frameY="-43" frameWidth="275" frameHeight="200"/>
    <SubTexture name="descent/0002" x="115" y="116" width="109" height="112" frameX="-71" frameY="-43" frameWidth="275" frameHeight="200"/>
    <SubTexture name="descent/0003" x="115" y="116" width="109" height="112" frameX="-71" frameY="-43" frameWidth="275" frameHeight="200"/>
    <SubTexture name="descent/0004" x="115" y="116" width="109" height="112" frameX="-71" frameY="-43" frameWidth="275" frameHeight="200"/>
    <SubTexture name="descent/0005" x="115" y="116" width="109" height="112" frameX="-71" frameY="-43" frameWidth="275" frameHeight="200"/>
    <SubTexture name="descent/0006" x="115" y="116" width="109" height="112" frameX="-71" frameY="-43" frameWidth="275" frameHeight="200"/>
    <SubTexture name="descent/0007" x="115" y="116" width="109" height="112" frameX="-71" frameY="-43" frameWidth="275" frameHeight="200"/>
    <SubTexture name="descent/0008" x="115" y="116" width="109" height="112" frameX="-71" frameY="-43" frameWidth="275" frameHeight="200"/>
    <SubTexture name="descent/0009" x="115" y="2" width="111" height="112" frameX="-76" frameY="-38" frameWidth="275" frameHeight="200"/>
    <SubTexture name="descent/0010" x="115" y="2" width="111" height="112" frameX="-76" frameY="-38" frameWidth="275" frameHeight="200"/>
    <SubTexture name="descent/0011" x="115" y="2" width="111" height="112" frameX="-76" frameY="-38" frameWidth="275" frameHeight="200"/>
    <SubTexture name="descent/0012" x="115" y="2" width="111" height="112" frameX="-76" frameY="-38" frameWidth="275" frameHeight="200"/>
    <SubTexture name="descent/0013" x="115" y="2" width="111" height="112" frameX="-76" frameY="-38" frameWidth="275" frameHeight="200"/>
    <SubTexture name="descent/0014" x="115" y="2" width="111" height="112" frameX="-76" frameY="-38" frameWidth="275" frameHeight="200"/>
    <SubTexture name="descent/0015" x="115" y="2" width="111" height="112" frameX="-76" frameY="-38" frameWidth="275" frameHeight="200"/>
    <SubTexture name="descent/0016" x="115" y="2" width="111" height="112" frameX="-76" frameY="-38" frameWidth="275" frameHeight="200"/>
    <SubTexture name="descent/0017" x="115" y="2" width="111" height="112" frameX="-76" frameY="-38" frameWidth="275" frameHeight="200"/>
    <SubTexture name="descent/0018" x="228" y="2" width="111" height="108" frameX="-74" frameY="-43" frameWidth="275" frameHeight="200"/>
    <SubTexture name="descent/0019" x="228" y="2" width="111" height="108" frameX="-74" frameY="-43" frameWidth="275" frameHeight="200"/>
    <SubTexture name="descent/0020" x="228" y="2" width="111" height="108" frameX="-74" frameY="-43" frameWidth="275" frameHeight="200"/>
    <SubTexture name="descent/0021" x="228" y="2" width="111" height="108" frameX="-74" frameY="-43" frameWidth="275" frameHeight="200"/>
    <SubTexture name="descent/0022" x="228" y="2" width="111" height="108" frameX="-74" frameY="-43" frameWidth="275" frameHeight="200"/>
    <SubTexture name="descent/0023" x="228" y="2" width="111" height="108" frameX="-74" frameY="-43" frameWidth="275" frameHeight="200"/>
    <SubTexture name="descent/0024" x="228" y="2" width="111" height="108" frameX="-74" frameY="-43" frameWidth="275" frameHeight="200"/>
    <SubTexture name="descent/0025" x="228" y="2" width="111" height="108" frameX="-74" frameY="-43" frameWidth="275" frameHeight="200"/>
    <SubTexture name="descent/0026" x="228" y="2" width="111" height="108" frameX="-74" frameY="-43" frameWidth="275" frameHeight="200"/>
    <SubTexture name="descent/0027" x="2" y="120" width="111" height="116" frameX="-72" frameY="-37" frameWidth="275" frameHeight="200"/>
    <SubTexture name="descent/0028" x="2" y="120" width="111" height="116" frameX="-72" frameY="-37" frameWidth="275" frameHeight="200"/>
    <SubTexture name="descent/0029" x="2" y="120" width="111" height="116" frameX="-72" frameY="-37" frameWidth="275" frameHeight="200"/>
    <SubTexture name="descent/0030" x="2" y="120" width="111" height="116" frameX="-72" frameY="-37" frameWidth="275" frameHeight="200"/>
    <SubTexture name="descent/0031" x="2" y="120" width="111" height="116" frameX="-72" frameY="-37" frameWidth="275" frameHeight="200"/>
    <SubTexture name="descent/0032" x="2" y="120" width="111" height="116" frameX="-72" frameY="-37" frameWidth="275" frameHeight="200"/>
    <SubTexture name="descent/0033" x="2" y="120" width="111" height="116" frameX="-72" frameY="-37" frameWidth="275" frameHeight="200"/>
    <SubTexture name="descent/0034" x="2" y="120" width="111" height="116" frameX="-72" frameY="-37" frameWidth="275" frameHeight="200"/>
    <SubTexture name="descent/0035" x="2" y="120" width="111" height="116" frameX="-72" frameY="-37" frameWidth="275" frameHeight="200"/>
    <SubTexture name="descent/0036" x="2" y="238" width="109" height="112" frameX="-72" frameY="-42" frameWidth="275" frameHeight="200"/>
    <SubTexture name="descent/0037" x="2" y="238" width="109" height="112" frameX="-72" frameY="-42" frameWidth="275" frameHeight="200"/>
    <SubTexture name="descent/0038" x="2" y="238" width="109" height="112" frameX="-72" frameY="-42" frameWidth="275" frameHeight="200"/>
    <SubTexture name="descent/0039" x="2" y="238" width="109" height="112" frameX="-72" frameY="-42" frameWidth="275" frameHeight="200"/>
    <SubTexture name="descent/0040" x="2" y="238" width="109" height="112" frameX="-72" frameY="-42" frameWidth="275" frameHeight="200"/>
    <SubTexture name="descent/0041" x="2" y="238" width="109" height="112" frameX="-72" frameY="-42" frameWidth="275" frameHeight="200"/>
    <SubTexture name="descent/0042" x="2" y="238" width="109" height="112" frameX="-72" frameY="-42" frameWidth="275" frameHeight="200"/>
    <SubTexture name="descent/0043" x="2" y="238" width="109" height="112" frameX="-72" frameY="-42" frameWidth="275" frameHeight="200"/>
    <SubTexture name="descent/0044" x="2" y="238" width="109" height="112" frameX="-72" frameY="-42" frameWidth="275" frameHeight="200"/>
    <SubTexture name="descent/0045" x="2" y="2" width="111" height="116" frameX="-72" frameY="-37" frameWidth="275" frameHeight="200"/>
    <SubTexture name="descent/0046" x="2" y="2" width="111" height="116" frameX="-72" frameY="-37" frameWidth="275" frameHeight="200"/>
    <SubTexture name="descent/0047" x="2" y="2" width="111" height="116" frameX="-72" frameY="-37" frameWidth="275" frameHeight="200"/>
    <SubTexture name="descent/0048" x="2" y="2" width="111" height="116" frameX="-72" frameY="-37" frameWidth="275" frameHeight="200"/>
    <SubTexture name="descent/0049" x="2" y="2" width="111" height="116" frameX="-72" frameY="-37" frameWidth="275" frameHeight="200"/>
    <SubTexture name="descent/0050" x="2" y="2" width="111" height="116" frameX="-72" frameY="-37" frameWidth="275" frameHeight="200"/>
    <SubTexture name="descent/0051" x="2" y="2" width="111" height="116" frameX="-72" frameY="-37" frameWidth="275" frameHeight="200"/>
    <SubTexture name="descent/0052" x="2" y="2" width="111" height="116" frameX="-72" frameY="-37" frameWidth="275" frameHeight="200"/>
    <SubTexture name="descent/0053" x="2" y="2" width="111" height="116" frameX="-72" frameY="-37" frameWidth="275" frameHeight="200"/>
    <SubTexture name="stop/0000" x="2" y="440" width="109" height="70" frameX="-86" frameY="-76" frameWidth="275" frameHeight="200"/>
    <SubTexture name="stop/0001" x="2" y="440" width="109" height="70" frameX="-86" frameY="-76" frameWidth="275" frameHeight="200"/>
    <SubTexture name="stop/0002" x="2" y="440" width="109" height="70" frameX="-86" frameY="-76" frameWidth="275" frameHeight="200"/>
    <SubTexture name="stop/0003" x="2" y="440" width="109" height="70" frameX="-86" frameY="-76" frameWidth="275" frameHeight="200"/>
    <SubTexture name="stop/0004" x="341" y="92" width="113" height="68" frameX="-82" frameY="-78" frameWidth="275" frameHeight="200"/>
    <SubTexture name="stop/0005" x="341" y="92" width="113" height="68" frameX="-82" frameY="-78" frameWidth="275" frameHeight="200"/>
    <SubTexture name="stop/0006" x="341" y="92" width="113" height="68" frameX="-82" frameY="-78" frameWidth="275" frameHeight="200"/>
    <SubTexture name="stop/0007" x="341" y="92" width="113" height="68" frameX="-82" frameY="-78" frameWidth="275" frameHeight="200"/>
    <SubTexture name="stop/0008" x="341" y="92" width="113" height="68" frameX="-82" frameY="-78" frameWidth="275" frameHeight="200"/>
    <SubTexture name="stop/0009" x="341" y="2" width="113" height="88" frameX="-82" frameY="-58" frameWidth="275" frameHeight="200"/>
    <SubTexture name="stop/0010" x="341" y="2" width="113" height="88" frameX="-82" frameY="-58" frameWidth="275" frameHeight="200"/>
    <SubTexture name="stop/0011" x="341" y="2" width="113" height="88" frameX="-82" frameY="-58" frameWidth="275" frameHeight="200"/>
    <SubTexture name="stop/0012" x="2" y="352" width="113" height="86" frameX="-82" frameY="-60" frameWidth="275" frameHeight="200"/>
    <SubTexture name="stop/0013" x="2" y="352" width="113" height="86" frameX="-82" frameY="-60" frameWidth="275" frameHeight="200"/>
    <SubTexture name="stop/0014" x="2" y="352" width="113" height="86" frameX="-82" frameY="-60" frameWidth="275" frameHeight="200"/>
    <SubTexture name="stop/0015" x="2" y="352" width="113" height="86" frameX="-82" frameY="-60" frameWidth="275" frameHeight="200"/>
    <SubTexture name="stop/0016" x="2" y="352" width="113" height="86" frameX="-82" frameY="-60" frameWidth="275" frameHeight="200"/>
    <SubTexture name="stop/0017" x="2" y="352" width="113" height="86" frameX="-82" frameY="-60" frameWidth="275" frameHeight="200"/>
    <SubTexture name="stop/0018" x="2" y="352" width="113" height="86" frameX="-82" frameY="-60" frameWidth="275" frameHeight="200"/>
    <SubTexture name="ascent/0000" x="226" y="266" width="111" height="82" frameX="-82" frameY="-63" frameWidth="275" frameHeight="200"/>
    <SubTexture name="ascent/0001" x="226" y="266" width="111" height="82" frameX="-82" frameY="-63" frameWidth="275" frameHeight="200"/>
    <SubTexture name="ascent/0002" x="226" y="266" width="111" height="82" frameX="-82" frameY="-63" frameWidth="275" frameHeight="200"/>
    <SubTexture name="ascent/0003" x="226" y="266" width="111" height="82" frameX="-82" frameY="-63" frameWidth="275" frameHeight="200"/>
    <SubTexture name="ascent/0004" x="226" y="266" width="111" height="82" frameX="-82" frameY="-63" frameWidth="275" frameHeight="200"/>
    <SubTexture name="throughPortal/0000" x="226" y="196" width="111" height="68" frameX="-83" frameY="-78" frameWidth="275" frameHeight="200"/>
    <SubTexture name="throughPortal/0001" x="226" y="196" width="111" height="68" frameX="-83" frameY="-78" frameWidth="275" frameHeight="200"/>
    <SubTexture name="throughPortal/0002" x="226" y="196" width="111" height="68" frameX="-83" frameY="-78" frameWidth="275" frameHeight="200"/>
    <SubTexture name="throughPortal/0003" x="226" y="196" width="111" height="68" frameX="-83" frameY="-78" frameWidth="275" frameHeight="200"/>
    <SubTexture name="throughPortal/0004" x="228" y="112" width="111" height="82" frameX="-83" frameY="-64" frameWidth="275" frameHeight="200"/>
    <SubTexture name="throughPortal/0005" x="228" y="112" width="111" height="82" frameX="-83" frameY="-64" frameWidth="275" frameHeight="200"/>
    <SubTexture name="throughPortal/0006" x="228" y="112" width="111" height="82" frameX="-83" frameY="-64" frameWidth="275" frameHeight="200"/>
    <SubTexture name="throughPortal/0007" x="228" y="112" width="111" height="82" frameX="-83" frameY="-64" frameWidth="275" frameHeight="200"/>
    <SubTexture name="throughPortal/0008" x="339" y="326" width="111" height="78" frameX="-84" frameY="-69" frameWidth="275" frameHeight="200"/>
    <SubTexture name="throughPortal/0009" x="339" y="326" width="111" height="78" frameX="-84" frameY="-69" frameWidth="275" frameHeight="200"/>
    <SubTexture name="throughPortal/0010" x="339" y="326" width="111" height="78" frameX="-84" frameY="-69" frameWidth="275" frameHeight="200"/>
    <SubTexture name="throughPortal/0011" x="339" y="326" width="111" height="78" frameX="-84" frameY="-69" frameWidth="275" frameHeight="200"/>
    <SubTexture name="throughPortal/0012" x="224" y="436" width="111" height="74" frameX="-83" frameY="-72" frameWidth="275" frameHeight="200"/>
    <SubTexture name="throughPortal/0013" x="224" y="436" width="111" height="74" frameX="-83" frameY="-72" frameWidth="275" frameHeight="200"/>
    <SubTexture name="throughPortal/0014" x="224" y="436" width="111" height="74" frameX="-83" frameY="-72" frameWidth="275" frameHeight="200"/>
    <SubTexture name="throughPortal/0015" x="224" y="436" width="111" height="74" frameX="-83" frameY="-72" frameWidth="275" frameHeight="200"/>
    <SubTexture name="throughPortal/0016" x="224" y="436" width="111" height="74" frameX="-83" frameY="-72" frameWidth="275" frameHeight="200"/>
    <SubTexture name="throughPortal/0017" x="117" y="378" width="111" height="56" frameX="-83" frameY="-90" frameWidth="275" frameHeight="200"/>
    <SubTexture name="throughPortal/0018" x="117" y="378" width="111" height="56" frameX="-83" frameY="-90" frameWidth="275" frameHeight="200"/>
    <SubTexture name="throughPortal/0019" x="117" y="378" width="111" height="56" frameX="-83" frameY="-90" frameWidth="275" frameHeight="200"/>
    <SubTexture name="throughPortal/0020" x="117" y="378" width="111" height="56" frameX="-83" frameY="-90" frameWidth="275" frameHeight="200"/>
    <SubTexture name="throughPortal/0021" x="117" y="378" width="111" height="56" frameX="-83" frameY="-90" frameWidth="275" frameHeight="200"/>
    <SubTexture name="jump/0000" x="341" y="162" width="113" height="78" frameX="-94" frameY="-80" frameWidth="275" frameHeight="200"/>
    <SubTexture name="jump/0001" x="341" y="162" width="113" height="78" frameX="-94" frameY="-80" frameWidth="275" frameHeight="200"/>
    <SubTexture name="jump/0002" x="341" y="162" width="113" height="78" frameX="-94" frameY="-80" frameWidth="275" frameHeight="200"/>
    <SubTexture name="jump/0003" x="341" y="162" width="113" height="78" frameX="-94" frameY="-80" frameWidth="275" frameHeight="200"/>
    <SubTexture name="jump/0004" x="341" y="162" width="113" height="78" frameX="-94" frameY="-80" frameWidth="275" frameHeight="200"/>
    <SubTexture name="jump/0005" x="117" y="300" width="105" height="76" frameX="-102" frameY="-81" frameWidth="275" frameHeight="200"/>
    <SubTexture name="jump/0006" x="117" y="300" width="105" height="76" frameX="-102" frameY="-81" frameWidth="275" frameHeight="200"/>
    <SubTexture name="jump/0007" x="117" y="300" width="105" height="76" frameX="-102" frameY="-81" frameWidth="275" frameHeight="200"/>
    <SubTexture name="jump/0008" x="117" y="300" width="105" height="76" frameX="-102" frameY="-81" frameWidth="275" frameHeight="200"/>
    <SubTexture name="jump/0009" x="117" y="300" width="105" height="76" frameX="-102" frameY="-81" frameWidth="275" frameHeight="200"/>
    <SubTexture name="jump/0010" x="230" y="350" width="105" height="74" frameX="-102" frameY="-82" frameWidth="275" frameHeight="200"/>
    <SubTexture name="jump/0011" x="230" y="350" width="105" height="74" frameX="-102" frameY="-82" frameWidth="275" frameHeight="200"/>
    <SubTexture name="jump/0012" x="230" y="350" width="105" height="74" frameX="-102" frameY="-82" frameWidth="275" frameHeight="200"/>
    <SubTexture name="jump/0013" x="230" y="350" width="105" height="74" frameX="-102" frameY="-82" frameWidth="275" frameHeight="200"/>
    <SubTexture name="jump/0014" x="230" y="350" width="105" height="74" frameX="-102" frameY="-82" frameWidth="275" frameHeight="200"/>
    <SubTexture name="jump/0015" x="230" y="350" width="105" height="74" frameX="-102" frameY="-82" frameWidth="275" frameHeight="200"/>
    <SubTexture name="jump/0016" x="230" y="350" width="105" height="74" frameX="-102" frameY="-82" frameWidth="275" frameHeight="200"/>
    <SubTexture name="jump/0017" x="230" y="350" width="105" height="74" frameX="-102" frameY="-82" frameWidth="275" frameHeight="200"/>
    <SubTexture name="jump/0018" x="230" y="350" width="105" height="74" frameX="-102" frameY="-82" frameWidth="275" frameHeight="200"/>
    <SubTexture name="jump/0019" x="230" y="350" width="105" height="74" frameX="-102" frameY="-82" frameWidth="275" frameHeight="200"/>
    <SubTexture name="jump/0020" x="230" y="350" width="105" height="74" frameX="-102" frameY="-82" frameWidth="275" frameHeight="200"/>
    <SubTexture name="jump/0021" x="230" y="350" width="105" height="74" frameX="-102" frameY="-82" frameWidth="275" frameHeight="200"/>
    <SubTexture name="jump/0022" x="230" y="350" width="105" height="74" frameX="-102" frameY="-82" frameWidth="275" frameHeight="200"/>
    <SubTexture name="jump/0023" x="230" y="350" width="105" height="74" frameX="-102" frameY="-82" frameWidth="275" frameHeight="200"/>
    <SubTexture name="jump/0024" x="230" y="350" width="105" height="74" frameX="-102" frameY="-82" frameWidth="275" frameHeight="200"/>
    <SubTexture name="jump/0025" x="230" y="350" width="105" height="74" frameX="-102" frameY="-82" frameWidth="275" frameHeight="200"/>
    <SubTexture name="jump/0026" x="230" y="350" width="105" height="74" frameX="-102" frameY="-82" frameWidth="275" frameHeight="200"/>
    <SubTexture name="jump/0027" x="230" y="350" width="105" height="74" frameX="-102" frameY="-82" frameWidth="275" frameHeight="200"/>
    <SubTexture name="ground/0000" x="339" y="242" width="109" height="82" frameX="-85" frameY="-64" frameWidth="275" frameHeight="200"/>
    <SubTexture name="ground/0001" x="339" y="242" width="109" height="82" frameX="-85" frameY="-64" frameWidth="275" frameHeight="200"/>
    <SubTexture name="ground/0002" x="339" y="242" width="109" height="82" frameX="-85" frameY="-64" frameWidth="275" frameHeight="200"/>
    <SubTexture name="ground/0003" x="339" y="242" width="109" height="82" frameX="-85" frameY="-64" frameWidth="275" frameHeight="200"/>
    <SubTexture name="ground/0004" x="339" y="242" width="109" height="82" frameX="-85" frameY="-64" frameWidth="275" frameHeight="200"/>
    <SubTexture name="ground/0005" x="115" y="230" width="109" height="68" frameX="-85" frameY="-78" frameWidth="275" frameHeight="200"/>
    <SubTexture name="ground/0006" x="115" y="230" width="109" height="68" frameX="-85" frameY="-78" frameWidth="275" frameHeight="200"/>
    <SubTexture name="ground/0007" x="115" y="230" width="109" height="68" frameX="-85" frameY="-78" frameWidth="275" frameHeight="200"/>
    <SubTexture name="ground/0008" x="115" y="230" width="109" height="68" frameX="-85" frameY="-78" frameWidth="275" frameHeight="200"/>
    <SubTexture name="ground/0009" x="115" y="230" width="109" height="68" frameX="-85" frameY="-78" frameWidth="275" frameHeight="200"/>
</TextureAtlas>
