<?xml version="1.0" encoding="UTF-8"?>
<!-- Created with TexturePacker http://www.codeandweb.com/texturepacker-->
<!-- $TexturePacker:SmartUpdate:a3298c8464742063b0ac991a493d7f38:c11d848f41e766107f76b0fa505d6e38:bd4b57f46e4d0b4891de5debabaa5c30$ -->
<TextureAtlas imagePath="metalworks_mobile.png">
    <SubTexture name="background-disabled-skin" x="39" y="167" width="32" height="32"/>
    <SubTexture name="background-down-skin" x="75" y="167" width="32" height="32"/>
    <SubTexture name="background-focused-skin" x="171" y="199" width="32" height="32"/>
    <SubTexture name="background-inset-skin" x="131" y="231" width="32" height="32"/>
    <SubTexture name="background-popup-skin" x="207" y="199" width="32" height="32"/>
    <SubTexture name="background-skin" x="3" y="427" width="32" height="32"/>
    <SubTexture name="button-back-disabled-skin" x="431" y="323" rotated="true" width="60" height="36"/>
    <SubTexture name="button-back-down-skin" x="3" y="363" width="36" height="60"/>
    <SubTexture name="button-back-up-skin" x="3" y="227" rotated="true" width="60" height="36"/>
    <SubTexture name="button-call-to-action-down-skin" x="447" y="3" width="60" height="60"/>
    <SubTexture name="button-call-to-action-up-skin" x="447" y="67" width="60" height="60"/>
    <SubTexture name="button-danger-down-skin" x="447" y="131" width="60" height="60"/>
    <SubTexture name="button-danger-up-skin" x="187" y="135" width="60" height="60"/>
    <SubTexture name="button-disabled-skin" x="447" y="195" width="60" height="60"/>
    <SubTexture name="button-down-skin" x="355" y="214" width="60" height="60"/>
    <SubTexture name="button-forward-disabled-skin" x="43" y="267" rotated="true" width="60" height="36"/>
    <SubTexture name="button-forward-down-skin" x="67" y="227" rotated="true" width="60" height="36"/>
    <SubTexture name="button-forward-up-skin" x="131" y="167" width="36" height="60"/>
    <SubTexture name="button-selected-disabled-skin" x="445" y="259" width="60" height="60"/>
    <SubTexture name="button-selected-up-skin" x="263" y="219" width="60" height="60"/>
    <SubTexture name="button-up-skin" x="347" y="278" width="60" height="60"/>
    <SubTexture name="callout-arrow-bottom-skin" x="3" y="342" width="40" height="16"/>
    <SubTexture name="callout-arrow-left-skin" x="327" y="271" width="16" height="40"/>
    <SubTexture name="callout-arrow-right-skin" x="411" y="312" width="16" height="40"/>
    <SubTexture name="callout-arrow-top-skin" x="3" y="315" width="40" height="16"/>
    <SubTexture name="check-selected-disabled-icon" x="3" y="463" width="32" height="32"/>
    <SubTexture name="check-selected-down-icon" x="39" y="427" width="32" height="32"/>
    <SubTexture name="check-selected-up-icon" x="39" y="463" width="32" height="32"/>
    <SubTexture name="header-background-skin" x="3" y="3" width="256" height="128"/>
    <SubTexture name="horizontal-scroll-bar-thumb-skin" x="411" y="284" width="26" height="10"/>
    <SubTexture name="list-accessory-drill-down-icon" x="327" y="241" width="18" height="26"/>
    <SubTexture name="list-inset-item-first-selected-skin" x="355" y="95" rotated="true" width="88" height="28"/>
    <SubTexture name="list-inset-item-first-up-skin" x="355" y="127" rotated="true" width="88" height="28"/>
    <SubTexture name="list-inset-item-last-selected-skin" x="355" y="159" rotated="true" width="88" height="28"/>
    <SubTexture name="list-inset-item-last-up-skin" x="3" y="135" rotated="true" width="88" height="28"/>
    <SubTexture name="list-inset-item-single-selected-skin" x="95" y="135" rotated="true" width="88" height="28"/>
    <SubTexture name="list-inset-item-single-up-skin" x="263" y="187" rotated="true" width="88" height="28"/>
    <SubTexture name="list-item-selected-skin" x="251" y="135" width="8" height="88"/>
    <SubTexture name="list-item-up-skin" x="355" y="191" rotated="true" width="88" height="8"/>
    <SubTexture name="page-indicator-normal-skin" x="3" y="283" width="16" height="16"/>
    <SubTexture name="page-indicator-selected-skin" x="23" y="283" width="16" height="16"/>
    <SubTexture name="picker-list-icon-disabled" x="419" y="214" rotated="true" width="22" height="20"/>
    <SubTexture name="picker-list-icon" x="419" y="238" rotated="true" width="22" height="20"/>
    <SubTexture name="picker-list-item-selected-icon" x="3" y="167" width="32" height="33"/>
    <SubTexture name="radio-selected-disabled-icon" x="43" y="363" width="32" height="32"/>
    <SubTexture name="radio-selected-down-icon" x="47" y="315" width="32" height="32"/>
    <SubTexture name="radio-selected-up-icon" x="167" y="235" width="32" height="32"/>
    <SubTexture name="search-icon-disabled" x="419" y="262" rotated="true" width="19" height="18"/>
    <SubTexture name="search-icon" x="327" y="219" rotated="true" width="19" height="18"/>
    <SubTexture name="spinner-list-selection-overlay-skin" x="355" y="203" rotated="true" width="88" height="7"/>
    <SubTexture name="tab-down-skin" x="263" y="3" width="88" height="88"/>
    <SubTexture name="tab-selected-disabled-skin" x="355" y="3" width="88" height="88"/>
    <SubTexture name="tab-selected-skin" x="263" y="95" width="88" height="88"/>
    <SubTexture name="vertical-scroll-bar-thumb-skin" x="411" y="298" rotated="true" width="26" height="10"/>
</TextureAtlas>
