<?xml version="1.0" encoding="UTF-8"?>
<!-- Created with TexturePacker http://www.codeandweb.com/texturepacker-->
<!-- $TexturePacker:SmartUpdate:400cfd7459c0f5ee395a484215c9d2d4:fa2a8234aced3d65ef5f72313dd9f08e:d02c8579ede2a04e892b8ae249e62cb0$ -->
<TextureAtlas imagePath="minimal_mobile.png">
    <SubTexture name="button-back-disabled-skin" x="3" y="135" rotated="true" width="60" height="36"/>
    <SubTexture name="button-back-down-skin" x="3" y="175" rotated="true" width="60" height="36"/>
    <SubTexture name="button-back-up-skin" x="3" y="215" rotated="true" width="60" height="36"/>
    <SubTexture name="button-call-to-action-up-skin" x="3" y="422" width="11" height="11"/>
    <SubTexture name="button-danger-down-skin" x="3" y="368" width="15" height="15"/>
    <SubTexture name="button-danger-up-skin" x="35" y="420" width="11" height="11"/>
    <SubTexture name="button-disabled-skin" x="50" y="420" width="11" height="11"/>
    <SubTexture name="button-down-skin" x="22" y="368" width="15" height="15"/>
    <SubTexture name="button-forward-disabled-skin" x="3" y="3" rotated="true" width="60" height="40"/>
    <SubTexture name="button-forward-down-skin" x="3" y="47" rotated="true" width="60" height="40"/>
    <SubTexture name="button-forward-up-skin" x="3" y="91" rotated="true" width="60" height="40"/>
    <SubTexture name="button-selected-disabled-skin" x="41" y="369" width="15" height="15"/>
    <SubTexture name="button-selected-skin" x="3" y="387" width="15" height="15"/>
    <SubTexture name="button-up-skin" x="18" y="435" width="11" height="11"/>
    <SubTexture name="callout-arrow-bottom" x="67" y="132" width="44" height="26"/>
    <SubTexture name="callout-arrow-left" x="67" y="192" rotated="true" width="44" height="26"/>
    <SubTexture name="callout-arrow-right" x="67" y="222" rotated="true" width="44" height="26"/>
    <SubTexture name="callout-arrow-top" x="67" y="162" width="44" height="26"/>
    <SubTexture name="callout-background-skin" x="3" y="437" width="11" height="11"/>
    <SubTexture name="check-disabled-icon" x="88" y="252" width="36" height="36"/>
    <SubTexture name="check-icon" x="88" y="292" width="36" height="36"/>
    <SubTexture name="check-selected-disabled-icon" x="88" y="332" width="36" height="36"/>
    <SubTexture name="check-selected-icon" x="88" y="372" width="36" height="36"/>
    <SubTexture name="drop-down-arrow-icon-disabled" x="115" y="132" rotated="true" width="10" height="21"/>
    <SubTexture name="drop-down-arrow-icon" x="115" y="157" rotated="true" width="10" height="21"/>
    <SubTexture name="header-skin" x="118" y="48" width="5" height="11"/>
    <SubTexture name="inset-background-disabled-skin" x="33" y="435" width="11" height="11"/>
    <SubTexture name="inset-background-focus-skin" x="48" y="435" width="11" height="11"/>
    <SubTexture name="inset-background-skin" x="18" y="450" width="11" height="11"/>
    <SubTexture name="list-accessory-drill-down-icon" x="43" y="299" width="18" height="26"/>
    <SubTexture name="list-item-down" x="118" y="3" width="6" height="11"/>
    <SubTexture name="list-item-selected" x="118" y="18" width="6" height="11"/>
    <SubTexture name="list-item-up" x="118" y="33" width="6" height="11"/>
    <SubTexture name="page-indicator-normal-disabled-skin" x="22" y="387" width="12" height="12"/>
    <SubTexture name="page-indicator-normal-skin" x="38" y="388" width="12" height="12"/>
    <SubTexture name="page-indicator-selected-disabled-skin" x="22" y="403" width="12" height="12"/>
    <SubTexture name="page-indicator-selected-skin" x="3" y="406" width="12" height="12"/>
    <SubTexture name="pf_ronda_seven_0" x="67" y="252" rotated="true" width="17" height="255" frameX="0" frameY="0" frameWidth="256" frameHeight="32"/>
    <SubTexture name="picker-list-item-selected-icon" x="3" y="335" width="36" height="29"/>
    <SubTexture name="radio-disabled-icon" x="88" y="412" width="36" height="36"/>
    <SubTexture name="radio-icon" x="88" y="452" width="36" height="36"/>
    <SubTexture name="radio-selected-disabled-icon" x="3" y="255" width="36" height="36"/>
    <SubTexture name="radio-selected-icon" x="3" y="295" width="36" height="36"/>
    <SubTexture name="scrollbar-thumb-skin" x="118" y="63" width="4" height="4"/>
    <SubTexture name="search-icon-disabled" x="43" y="255" rotated="true" width="19" height="18"/>
    <SubTexture name="search-icon" x="43" y="277" rotated="true" width="19" height="18"/>
    <SubTexture name="spinner-list-selection-overlay-skin" x="118" y="71" width="1" height="11"/>
    <SubTexture name="tab-down-skin" x="67" y="3" width="47" height="39"/>
    <SubTexture name="tab-selected-disabled-skin" x="67" y="46" width="47" height="39"/>
    <SubTexture name="tab-selected-skin" x="67" y="89" width="47" height="39"/>
    <SubTexture name="thumb-disabled-skin" x="38" y="404" width="12" height="12" frameX="-4" frameY="-4" frameWidth="16" frameHeight="16"/>
    <SubTexture name="thumb-skin" x="19" y="419" width="12" height="12" frameX="-4" frameY="-4" frameWidth="16" frameHeight="16"/>
    <SubTexture name="toolbar-button-disabled-skin" x="88" y="492" width="16" height="16"/>
    <SubTexture name="toolbar-button-down-skin" x="108" y="492" width="16" height="16"/>
    <SubTexture name="toolbar-button-selected-skin" x="43" y="329" width="16" height="16"/>
    <SubTexture name="toolbar-button-up-skin" x="43" y="349" width="16" height="16"/>
</TextureAtlas>
