<?xml version="1.0" encoding="UTF-8"?>
<!-- Created with TexturePacker http://texturepacker.com-->
<!-- $TexturePacker:SmartUpdate:575bd738c8266c86558ccf261d0a60f9$ -->
<TextureAtlas imagePath="particlePicked.png">
    <SubTexture name="particlePicked/0000" x="234" y="2" width="0" height="0" frameX="0" frameY="0" frameWidth="275" frameHeight="200"/>
    <SubTexture name="particlePicked/0001" x="234" y="2" width="0" height="0" frameX="0" frameY="0" frameWidth="275" frameHeight="200"/>
    <SubTexture name="particlePicked/0002" x="234" y="2" width="0" height="0" frameX="0" frameY="0" frameWidth="275" frameHeight="200"/>
    <SubTexture name="particlePicked/0003" x="2" y="218" width="89" height="92" frameX="-98" frameY="-52" frameWidth="275" frameHeight="200"/>
    <SubTexture name="particlePicked/0004" x="2" y="218" width="89" height="92" frameX="-98" frameY="-52" frameWidth="275" frameHeight="200"/>
    <SubTexture name="particlePicked/0005" x="2" y="218" width="89" height="92" frameX="-98" frameY="-52" frameWidth="275" frameHeight="200"/>
    <SubTexture name="particlePicked/0006" x="123" y="116" width="99" height="102" frameX="-92" frameY="-48" frameWidth="275" frameHeight="200"/>
    <SubTexture name="particlePicked/0007" x="123" y="116" width="99" height="102" frameX="-92" frameY="-48" frameWidth="275" frameHeight="200"/>
    <SubTexture name="particlePicked/0008" x="123" y="116" width="99" height="102" frameX="-92" frameY="-48" frameWidth="275" frameHeight="200"/>
    <SubTexture name="particlePicked/0009" x="123" y="2" width="109" height="112" frameX="-87" frameY="-44" frameWidth="275" frameHeight="200"/>
    <SubTexture name="particlePicked/0010" x="123" y="2" width="109" height="112" frameX="-87" frameY="-44" frameWidth="275" frameHeight="200"/>
    <SubTexture name="particlePicked/0011" x="123" y="2" width="109" height="112" frameX="-87" frameY="-44" frameWidth="275" frameHeight="200"/>
    <SubTexture name="particlePicked/0012" x="2" y="2" width="119" height="122" frameX="-82" frameY="-39" frameWidth="275" frameHeight="200"/>
    <SubTexture name="particlePicked/0013" x="2" y="2" width="119" height="122" frameX="-82" frameY="-39" frameWidth="275" frameHeight="200"/>
    <SubTexture name="particlePicked/0014" x="2" y="2" width="119" height="122" frameX="-82" frameY="-39" frameWidth="275" frameHeight="200"/>
    <SubTexture name="particlePicked/0015" x="2" y="126" width="95" height="90" frameX="-81" frameY="-62" frameWidth="275" frameHeight="200"/>
    <SubTexture name="particlePicked/0016" x="2" y="126" width="95" height="90" frameX="-81" frameY="-62" frameWidth="275" frameHeight="200"/>
    <SubTexture name="particlePicked/0017" x="2" y="126" width="95" height="90" frameX="-81" frameY="-62" frameWidth="275" frameHeight="200"/>
</TextureAtlas>
