<?xml version="1.0" encoding="UTF-8"?>
<!-- Created with TexturePacker http://texturepacker.com-->
<!-- $TexturePacker:SmartUpdate:1925c05f17315112145e4be4fa3091c4$ -->
<TextureAtlas imagePath="heroMobile.png">
    <SubTexture name="fly/0000" x="224" y="452" width="218" height="142" frameX="-170" frameY="-151" frameWidth="550" frameHeight="400"/>
    <SubTexture name="fly/0001" x="224" y="452" width="218" height="142" frameX="-170" frameY="-151" frameWidth="550" frameHeight="400"/>
    <SubTexture name="fly/0002" x="224" y="452" width="218" height="142" frameX="-170" frameY="-151" frameWidth="550" frameHeight="400"/>
    <SubTexture name="fly/0003" x="224" y="452" width="218" height="142" frameX="-170" frameY="-151" frameWidth="550" frameHeight="400"/>
    <SubTexture name="fly/0004" x="224" y="452" width="218" height="142" frameX="-170" frameY="-151" frameWidth="550" frameHeight="400"/>
    <SubTexture name="fly/0005" x="224" y="452" width="218" height="142" frameX="-170" frameY="-151" frameWidth="550" frameHeight="400"/>
    <SubTexture name="fly/0006" x="224" y="452" width="218" height="142" frameX="-170" frameY="-151" frameWidth="550" frameHeight="400"/>
    <SubTexture name="fly/0007" x="450" y="840" width="218" height="134" frameX="-170" frameY="-157" frameWidth="550" frameHeight="400"/>
    <SubTexture name="fly/0008" x="450" y="840" width="218" height="134" frameX="-170" frameY="-157" frameWidth="550" frameHeight="400"/>
    <SubTexture name="fly/0009" x="450" y="840" width="218" height="134" frameX="-170" frameY="-157" frameWidth="550" frameHeight="400"/>
    <SubTexture name="fly/0010" x="450" y="840" width="218" height="134" frameX="-170" frameY="-157" frameWidth="550" frameHeight="400"/>
    <SubTexture name="fly/0011" x="450" y="840" width="218" height="134" frameX="-170" frameY="-157" frameWidth="550" frameHeight="400"/>
    <SubTexture name="fly/0012" x="450" y="840" width="218" height="134" frameX="-170" frameY="-157" frameWidth="550" frameHeight="400"/>
    <SubTexture name="fly/0013" x="450" y="840" width="218" height="134" frameX="-170" frameY="-157" frameWidth="550" frameHeight="400"/>
    <SubTexture name="descent/0000" x="2" y="470" width="216" height="224" frameX="-143" frameY="-85" frameWidth="550" frameHeight="400"/>
    <SubTexture name="descent/0001" x="2" y="470" width="216" height="224" frameX="-143" frameY="-85" frameWidth="550" frameHeight="400"/>
    <SubTexture name="descent/0002" x="2" y="470" width="216" height="224" frameX="-143" frameY="-85" frameWidth="550" frameHeight="400"/>
    <SubTexture name="descent/0003" x="2" y="470" width="216" height="224" frameX="-143" frameY="-85" frameWidth="550" frameHeight="400"/>
    <SubTexture name="descent/0004" x="2" y="470" width="216" height="224" frameX="-143" frameY="-85" frameWidth="550" frameHeight="400"/>
    <SubTexture name="descent/0005" x="2" y="470" width="216" height="224" frameX="-143" frameY="-85" frameWidth="550" frameHeight="400"/>
    <SubTexture name="descent/0006" x="2" y="470" width="216" height="224" frameX="-143" frameY="-85" frameWidth="550" frameHeight="400"/>
    <SubTexture name="descent/0007" x="2" y="470" width="216" height="224" frameX="-143" frameY="-85" frameWidth="550" frameHeight="400"/>
    <SubTexture name="descent/0008" x="2" y="470" width="216" height="224" frameX="-143" frameY="-85" frameWidth="550" frameHeight="400"/>
    <SubTexture name="descent/0009" x="224" y="2" width="222" height="224" frameX="-152" frameY="-76" frameWidth="550" frameHeight="400"/>
    <SubTexture name="descent/0010" x="224" y="2" width="222" height="224" frameX="-152" frameY="-76" frameWidth="550" frameHeight="400"/>
    <SubTexture name="descent/0011" x="224" y="2" width="222" height="224" frameX="-152" frameY="-76" frameWidth="550" frameHeight="400"/>
    <SubTexture name="descent/0012" x="224" y="2" width="222" height="224" frameX="-152" frameY="-76" frameWidth="550" frameHeight="400"/>
    <SubTexture name="descent/0013" x="224" y="2" width="222" height="224" frameX="-152" frameY="-76" frameWidth="550" frameHeight="400"/>
    <SubTexture name="descent/0014" x="224" y="2" width="222" height="224" frameX="-152" frameY="-76" frameWidth="550" frameHeight="400"/>
    <SubTexture name="descent/0015" x="224" y="2" width="222" height="224" frameX="-152" frameY="-76" frameWidth="550" frameHeight="400"/>
    <SubTexture name="descent/0016" x="224" y="2" width="222" height="224" frameX="-152" frameY="-76" frameWidth="550" frameHeight="400"/>
    <SubTexture name="descent/0017" x="224" y="2" width="222" height="224" frameX="-152" frameY="-76" frameWidth="550" frameHeight="400"/>
    <SubTexture name="descent/0018" x="448" y="2" width="222" height="216" frameX="-149" frameY="-86" frameWidth="550" frameHeight="400"/>
    <SubTexture name="descent/0019" x="448" y="2" width="222" height="216" frameX="-149" frameY="-86" frameWidth="550" frameHeight="400"/>
    <SubTexture name="descent/0020" x="448" y="2" width="222" height="216" frameX="-149" frameY="-86" frameWidth="550" frameHeight="400"/>
    <SubTexture name="descent/0021" x="448" y="2" width="222" height="216" frameX="-149" frameY="-86" frameWidth="550" frameHeight="400"/>
    <SubTexture name="descent/0022" x="448" y="2" width="222" height="216" frameX="-149" frameY="-86" frameWidth="550" frameHeight="400"/>
    <SubTexture name="descent/0023" x="448" y="2" width="222" height="216" frameX="-149" frameY="-86" frameWidth="550" frameHeight="400"/>
    <SubTexture name="descent/0024" x="448" y="2" width="222" height="216" frameX="-149" frameY="-86" frameWidth="550" frameHeight="400"/>
    <SubTexture name="descent/0025" x="448" y="2" width="222" height="216" frameX="-149" frameY="-86" frameWidth="550" frameHeight="400"/>
    <SubTexture name="descent/0026" x="448" y="2" width="222" height="216" frameX="-149" frameY="-86" frameWidth="550" frameHeight="400"/>
    <SubTexture name="descent/0027" x="2" y="236" width="220" height="232" frameX="-145" frameY="-74" frameWidth="550" frameHeight="400"/>
    <SubTexture name="descent/0028" x="2" y="236" width="220" height="232" frameX="-145" frameY="-74" frameWidth="550" frameHeight="400"/>
    <SubTexture name="descent/0029" x="2" y="236" width="220" height="232" frameX="-145" frameY="-74" frameWidth="550" frameHeight="400"/>
    <SubTexture name="descent/0030" x="2" y="236" width="220" height="232" frameX="-145" frameY="-74" frameWidth="550" frameHeight="400"/>
    <SubTexture name="descent/0031" x="2" y="236" width="220" height="232" frameX="-145" frameY="-74" frameWidth="550" frameHeight="400"/>
    <SubTexture name="descent/0032" x="2" y="236" width="220" height="232" frameX="-145" frameY="-74" frameWidth="550" frameHeight="400"/>
    <SubTexture name="descent/0033" x="2" y="236" width="220" height="232" frameX="-145" frameY="-74" frameWidth="550" frameHeight="400"/>
    <SubTexture name="descent/0034" x="2" y="236" width="220" height="232" frameX="-145" frameY="-74" frameWidth="550" frameHeight="400"/>
    <SubTexture name="descent/0035" x="2" y="236" width="220" height="232" frameX="-145" frameY="-74" frameWidth="550" frameHeight="400"/>
    <SubTexture name="descent/0036" x="224" y="228" width="218" height="222" frameX="-143" frameY="-86" frameWidth="550" frameHeight="400"/>
    <SubTexture name="descent/0037" x="224" y="228" width="218" height="222" frameX="-143" frameY="-86" frameWidth="550" frameHeight="400"/>
    <SubTexture name="descent/0038" x="224" y="228" width="218" height="222" frameX="-143" frameY="-86" frameWidth="550" frameHeight="400"/>
    <SubTexture name="descent/0039" x="224" y="228" width="218" height="222" frameX="-143" frameY="-86" frameWidth="550" frameHeight="400"/>
    <SubTexture name="descent/0040" x="224" y="228" width="218" height="222" frameX="-143" frameY="-86" frameWidth="550" frameHeight="400"/>
    <SubTexture name="descent/0041" x="224" y="228" width="218" height="222" frameX="-143" frameY="-86" frameWidth="550" frameHeight="400"/>
    <SubTexture name="descent/0042" x="224" y="228" width="218" height="222" frameX="-143" frameY="-86" frameWidth="550" frameHeight="400"/>
    <SubTexture name="descent/0043" x="224" y="228" width="218" height="222" frameX="-143" frameY="-86" frameWidth="550" frameHeight="400"/>
    <SubTexture name="descent/0044" x="224" y="228" width="218" height="222" frameX="-143" frameY="-86" frameWidth="550" frameHeight="400"/>
    <SubTexture name="descent/0045" x="2" y="2" width="220" height="232" frameX="-145" frameY="-74" frameWidth="550" frameHeight="400"/>
    <SubTexture name="descent/0046" x="2" y="2" width="220" height="232" frameX="-145" frameY="-74" frameWidth="550" frameHeight="400"/>
    <SubTexture name="descent/0047" x="2" y="2" width="220" height="232" frameX="-145" frameY="-74" frameWidth="550" frameHeight="400"/>
    <SubTexture name="descent/0048" x="2" y="2" width="220" height="232" frameX="-145" frameY="-74" frameWidth="550" frameHeight="400"/>
    <SubTexture name="descent/0049" x="2" y="2" width="220" height="232" frameX="-145" frameY="-74" frameWidth="550" frameHeight="400"/>
    <SubTexture name="descent/0050" x="2" y="2" width="220" height="232" frameX="-145" frameY="-74" frameWidth="550" frameHeight="400"/>
    <SubTexture name="descent/0051" x="2" y="2" width="220" height="232" frameX="-145" frameY="-74" frameWidth="550" frameHeight="400"/>
    <SubTexture name="descent/0052" x="2" y="2" width="220" height="232" frameX="-145" frameY="-74" frameWidth="550" frameHeight="400"/>
    <SubTexture name="descent/0053" x="2" y="2" width="220" height="232" frameX="-145" frameY="-74" frameWidth="550" frameHeight="400"/>
    <SubTexture name="stop/0000" x="668" y="614" width="218" height="138" frameX="-172" frameY="-154" frameWidth="550" frameHeight="400"/>
    <SubTexture name="stop/0001" x="668" y="614" width="218" height="138" frameX="-172" frameY="-154" frameWidth="550" frameHeight="400"/>
    <SubTexture name="stop/0002" x="668" y="614" width="218" height="138" frameX="-172" frameY="-154" frameWidth="550" frameHeight="400"/>
    <SubTexture name="stop/0003" x="668" y="614" width="218" height="138" frameX="-172" frameY="-154" frameWidth="550" frameHeight="400"/>
    <SubTexture name="stop/0004" x="672" y="176" width="224" height="134" frameX="-166" frameY="-157" frameWidth="550" frameHeight="400"/>
    <SubTexture name="stop/0005" x="672" y="176" width="224" height="134" frameX="-166" frameY="-157" frameWidth="550" frameHeight="400"/>
    <SubTexture name="stop/0006" x="672" y="176" width="224" height="134" frameX="-166" frameY="-157" frameWidth="550" frameHeight="400"/>
    <SubTexture name="stop/0007" x="672" y="176" width="224" height="134" frameX="-166" frameY="-157" frameWidth="550" frameHeight="400"/>
    <SubTexture name="stop/0008" x="672" y="176" width="224" height="134" frameX="-166" frameY="-157" frameWidth="550" frameHeight="400"/>
    <SubTexture name="stop/0009" x="672" y="2" width="224" height="172" frameX="-166" frameY="-119" frameWidth="550" frameHeight="400"/>
    <SubTexture name="stop/0010" x="672" y="2" width="224" height="172" frameX="-166" frameY="-119" frameWidth="550" frameHeight="400"/>
    <SubTexture name="stop/0011" x="672" y="2" width="224" height="172" frameX="-166" frameY="-119" frameWidth="550" frameHeight="400"/>
    <SubTexture name="stop/0012" x="2" y="696" width="224" height="170" frameX="-166" frameY="-121" frameWidth="550" frameHeight="400"/>
    <SubTexture name="stop/0013" x="2" y="696" width="224" height="170" frameX="-166" frameY="-121" frameWidth="550" frameHeight="400"/>
    <SubTexture name="stop/0014" x="2" y="696" width="224" height="170" frameX="-166" frameY="-121" frameWidth="550" frameHeight="400"/>
    <SubTexture name="stop/0015" x="2" y="696" width="224" height="170" frameX="-166" frameY="-121" frameWidth="550" frameHeight="400"/>
    <SubTexture name="stop/0016" x="2" y="696" width="224" height="170" frameX="-166" frameY="-121" frameWidth="550" frameHeight="400"/>
    <SubTexture name="stop/0017" x="2" y="696" width="224" height="170" frameX="-166" frameY="-121" frameWidth="550" frameHeight="400"/>
    <SubTexture name="stop/0018" x="2" y="696" width="224" height="170" frameX="-166" frameY="-121" frameWidth="550" frameHeight="400"/>
    <SubTexture name="ascent/0000" x="228" y="766" width="220" height="164" frameX="-166" frameY="-125" frameWidth="550" frameHeight="400"/>
    <SubTexture name="ascent/0001" x="228" y="766" width="220" height="164" frameX="-166" frameY="-125" frameWidth="550" frameHeight="400"/>
    <SubTexture name="ascent/0002" x="228" y="766" width="220" height="164" frameX="-166" frameY="-125" frameWidth="550" frameHeight="400"/>
    <SubTexture name="ascent/0003" x="228" y="766" width="220" height="164" frameX="-166" frameY="-125" frameWidth="550" frameHeight="400"/>
    <SubTexture name="ascent/0004" x="228" y="766" width="220" height="164" frameX="-166" frameY="-125" frameWidth="550" frameHeight="400"/>
    <SubTexture name="throughPortal/0000" x="448" y="220" width="222" height="134" frameX="-166" frameY="-157" frameWidth="550" frameHeight="400"/>
    <SubTexture name="throughPortal/0007" x="444" y="356" width="222" height="162" frameX="-166" frameY="-130" frameWidth="550" frameHeight="400"/>
    <SubTexture name="throughPortal/0011" x="444" y="520" width="222" height="154" frameX="-167" frameY="-140" frameWidth="550" frameHeight="400"/>
    <SubTexture name="throughPortal/0016" x="672" y="312" width="220" height="148" frameX="-168" frameY="-144" frameWidth="550" frameHeight="400"/>
    <SubTexture name="throughPortal/0021" x="670" y="890" width="220" height="110" frameX="-168" frameY="-182" frameWidth="550" frameHeight="400"/>
    <SubTexture name="jump/0000" x="2" y="868" width="224" height="154" frameX="-189" frameY="-162" frameWidth="550" frameHeight="400"/>
    <SubTexture name="jump/0001" x="2" y="868" width="224" height="154" frameX="-189" frameY="-162" frameWidth="550" frameHeight="400"/>
    <SubTexture name="jump/0002" x="2" y="868" width="224" height="154" frameX="-189" frameY="-162" frameWidth="550" frameHeight="400"/>
    <SubTexture name="jump/0003" x="2" y="868" width="224" height="154" frameX="-189" frameY="-162" frameWidth="550" frameHeight="400"/>
    <SubTexture name="jump/0004" x="2" y="868" width="224" height="154" frameX="-189" frameY="-162" frameWidth="550" frameHeight="400"/>
    <SubTexture name="jump/0005" x="668" y="462" width="210" height="150" frameX="-204" frameY="-164" frameWidth="550" frameHeight="400"/>
    <SubTexture name="jump/0006" x="668" y="462" width="210" height="150" frameX="-204" frameY="-164" frameWidth="550" frameHeight="400"/>
    <SubTexture name="jump/0007" x="668" y="462" width="210" height="150" frameX="-204" frameY="-164" frameWidth="550" frameHeight="400"/>
    <SubTexture name="jump/0008" x="668" y="462" width="210" height="150" frameX="-204" frameY="-164" frameWidth="550" frameHeight="400"/>
    <SubTexture name="jump/0009" x="668" y="462" width="210" height="150" frameX="-204" frameY="-164" frameWidth="550" frameHeight="400"/>
    <SubTexture name="jump/0010" x="228" y="596" width="210" height="168" frameX="-203" frameY="-144" frameWidth="550" frameHeight="400"/>
    <SubTexture name="jump/0011" x="228" y="596" width="210" height="168" frameX="-203" frameY="-144" frameWidth="550" frameHeight="400"/>
    <SubTexture name="jump/0012" x="228" y="596" width="210" height="168" frameX="-203" frameY="-144" frameWidth="550" frameHeight="400"/>
    <SubTexture name="jump/0013" x="228" y="596" width="210" height="168" frameX="-203" frameY="-144" frameWidth="550" frameHeight="400"/>
    <SubTexture name="jump/0014" x="228" y="596" width="210" height="168" frameX="-203" frameY="-144" frameWidth="550" frameHeight="400"/>
    <SubTexture name="jump/0015" x="228" y="596" width="210" height="168" frameX="-203" frameY="-144" frameWidth="550" frameHeight="400"/>
    <SubTexture name="jump/0016" x="228" y="596" width="210" height="168" frameX="-203" frameY="-144" frameWidth="550" frameHeight="400"/>
    <SubTexture name="jump/0017" x="228" y="596" width="210" height="168" frameX="-203" frameY="-144" frameWidth="550" frameHeight="400"/>
    <SubTexture name="jump/0018" x="228" y="596" width="210" height="168" frameX="-203" frameY="-144" frameWidth="550" frameHeight="400"/>
    <SubTexture name="jump/0019" x="228" y="596" width="210" height="168" frameX="-203" frameY="-144" frameWidth="550" frameHeight="400"/>
    <SubTexture name="jump/0020" x="228" y="596" width="210" height="168" frameX="-203" frameY="-144" frameWidth="550" frameHeight="400"/>
    <SubTexture name="jump/0021" x="228" y="596" width="210" height="168" frameX="-203" frameY="-144" frameWidth="550" frameHeight="400"/>
    <SubTexture name="jump/0022" x="228" y="596" width="210" height="168" frameX="-203" frameY="-144" frameWidth="550" frameHeight="400"/>
    <SubTexture name="jump/0023" x="228" y="596" width="210" height="168" frameX="-203" frameY="-144" frameWidth="550" frameHeight="400"/>
    <SubTexture name="jump/0024" x="228" y="596" width="210" height="168" frameX="-203" frameY="-144" frameWidth="550" frameHeight="400"/>
    <SubTexture name="jump/0025" x="228" y="596" width="210" height="168" frameX="-203" frameY="-144" frameWidth="550" frameHeight="400"/>
    <SubTexture name="jump/0026" x="228" y="596" width="210" height="168" frameX="-203" frameY="-144" frameWidth="550" frameHeight="400"/>
    <SubTexture name="jump/0027" x="228" y="596" width="210" height="168" frameX="-203" frameY="-144" frameWidth="550" frameHeight="400"/>
    <SubTexture name="ground/0000" x="450" y="676" width="216" height="162" frameX="-172" frameY="-129" frameWidth="550" frameHeight="400"/>
    <SubTexture name="ground/0001" x="450" y="676" width="216" height="162" frameX="-172" frameY="-129" frameWidth="550" frameHeight="400"/>
    <SubTexture name="ground/0002" x="450" y="676" width="216" height="162" frameX="-172" frameY="-129" frameWidth="550" frameHeight="400"/>
    <SubTexture name="ground/0003" x="450" y="676" width="216" height="162" frameX="-172" frameY="-129" frameWidth="550" frameHeight="400"/>
    <SubTexture name="ground/0004" x="450" y="676" width="216" height="162" frameX="-172" frameY="-129" frameWidth="550" frameHeight="400"/>
    <SubTexture name="ground/0005" x="670" y="754" width="216" height="134" frameX="-172" frameY="-157" frameWidth="550" frameHeight="400"/>
    <SubTexture name="ground/0006" x="670" y="754" width="216" height="134" frameX="-172" frameY="-157" frameWidth="550" frameHeight="400"/>
    <SubTexture name="ground/0007" x="670" y="754" width="216" height="134" frameX="-172" frameY="-157" frameWidth="550" frameHeight="400"/>
    <SubTexture name="ground/0008" x="670" y="754" width="216" height="134" frameX="-172" frameY="-157" frameWidth="550" frameHeight="400"/>
    <SubTexture name="ground/0009" x="670" y="754" width="216" height="134" frameX="-172" frameY="-157" frameWidth="550" frameHeight="400"/>
</TextureAtlas>
