<?xml version="1.0" encoding="UTF-8"?>
<!-- Created with TexturePacker http://texturepacker.com-->
<!-- $TexturePacker:SmartUpdate:801289f8aeaedc1a99e14bc8afa8c0ec$ -->
<TextureAtlas imagePath="azurePpg_72_metroid.png">
    <SubTexture name="metroidPrimeHunters30_0" x="3" y="3" width="256" height="90" frameX="0" frameY="0" frameWidth="256" frameHeight="256"/>
    <SubTexture name="ppg_button-disabled-skin" x="405" y="3" width="32" height="66"/>
    <SubTexture name="ppg_button-down-skin" x="369" y="3" width="32" height="66"/>
    <SubTexture name="ppg_button-up-skin" x="215" y="97" width="32" height="66"/>
    <SubTexture name="ppg_callout-arrow-bottom-skin" x="353" y="191" width="30" height="17"/>
    <SubTexture name="ppg_callout-arrow-left-skin" x="469" y="170" width="16" height="30"/>
    <SubTexture name="ppg_callout-arrow-right-skin" x="448" y="170" width="17" height="30"/>
    <SubTexture name="ppg_callout-arrow-top-skin" x="387" y="185" width="29" height="16"/>
    <SubTexture name="ppg_callout-background-skin" x="179" y="97" width="32" height="66"/>
    <SubTexture name="ppg_check-disabled-icon" x="312" y="73" width="43" height="43" frameX="-3" frameY="-3" frameWidth="49" frameHeight="49"/>
    <SubTexture name="ppg_check-down-icon" x="251" y="120" width="43" height="43" frameX="-3" frameY="-3" frameWidth="49" frameHeight="49"/>
    <SubTexture name="ppg_check-selected-disabled-icon" x="263" y="73" width="45" height="43" frameX="-4" frameY="-3" frameWidth="49" frameHeight="49"/>
    <SubTexture name="ppg_check-selected-down-icon" x="441" y="3" width="45" height="43" frameX="-4" frameY="-3" frameWidth="49" frameHeight="49"/>
    <SubTexture name="ppg_check-selected-up-icon" x="3" y="167" width="45" height="41" frameX="-4" frameY="-4" frameWidth="49" frameHeight="49"/>
    <SubTexture name="ppg_check-up-icon" x="52" y="167" width="41" height="41" frameX="-4" frameY="-5" frameWidth="49" frameHeight="49"/>
    <SubTexture name="ppg_grouped-list-header-background-skin" x="341" y="120" width="8" height="88"/>
    <SubTexture name="ppg_hslider-maximum-track-disabled-skin" x="420" y="170" width="24" height="32" frameX="0" frameY="-17" frameWidth="24" frameHeight="66"/>
    <SubTexture name="ppg_hslider-maximum-track-down-skin" x="463" y="78" width="24" height="32" frameX="0" frameY="-17" frameWidth="24" frameHeight="66"/>
    <SubTexture name="ppg_hslider-maximum-track-up-skin" x="420" y="170" width="24" height="32" frameX="0" frameY="-17" frameWidth="24" frameHeight="66"/>
    <SubTexture name="ppg_hslider-minimum-track-disabled-skin" x="435" y="78" width="24" height="32" frameX="0" frameY="-17" frameWidth="24" frameHeight="66"/>
    <SubTexture name="ppg_hslider-minimum-track-down-skin" x="353" y="155" width="24" height="32" frameX="0" frameY="-17" frameWidth="24" frameHeight="66"/>
    <SubTexture name="ppg_hslider-minimum-track-up-skin" x="435" y="78" width="24" height="32" frameX="0" frameY="-17" frameWidth="24" frameHeight="66"/>
    <SubTexture name="ppg_inset-disabled-skin" x="143" y="97" width="32" height="66"/>
    <SubTexture name="ppg_inset-skin" x="333" y="3" width="32" height="66"/>
    <SubTexture name="ppg_list-item-down-skin" x="329" y="120" width="8" height="88"/>
    <SubTexture name="ppg_list-item-up-skin" x="341" y="120" width="8" height="88"/>
    <SubTexture name="ppg_picker-icon" x="359" y="73" width="32" height="50"/>
    <SubTexture name="ppg_progress-bar-background-disabled-skin" x="353" y="127" width="36" height="24"/>
    <SubTexture name="ppg_progress-bar-background-skin" x="441" y="50" width="36" height="24"/>
    <SubTexture name="ppg_progress-bar-fill-disabled-skin" x="395" y="101" width="36" height="24"/>
    <SubTexture name="ppg_progress-bar-fill-skin" x="395" y="73" width="36" height="24"/>
    <SubTexture name="ppg_radio-disabled-icon" x="273" y="167" width="40" height="41"/>
    <SubTexture name="ppg_radio-down-icon" x="229" y="167" width="40" height="41"/>
    <SubTexture name="ppg_radio-selected-disabled-icon" x="185" y="167" width="40" height="41"/>
    <SubTexture name="ppg_radio-selected-up-icon" x="141" y="167" width="40" height="41"/>
    <SubTexture name="ppg_radio-up-icon" x="97" y="167" width="40" height="41"/>
    <SubTexture name="ppg_simple-scroll-bar-thumb-skin" x="298" y="120" width="12" height="12"/>
    <SubTexture name="ppg_slider-thumb-disabled-skin" x="73" y="97" width="66" height="66"/>
    <SubTexture name="ppg_slider-thumb-down-skin" x="263" y="3" width="66" height="66"/>
    <SubTexture name="ppg_slider-thumb-up-skin" x="3" y="97" width="66" height="66"/>
    <SubTexture name="ppg_tab-selected-skin" x="317" y="120" width="8" height="88"/>
    <SubTexture name="ppg_toolbar-background-skin" x="341" y="120" width="8" height="88"/>
    <SubTexture name="ppg_vslider-maximum-track-disabled-skin" x="465" y="142" width="32" height="24" frameX="-17" frameY="0" frameWidth="66" frameHeight="24"/>
    <SubTexture name="ppg_vslider-maximum-track-down-skin" x="429" y="142" width="32" height="24" frameX="-17" frameY="0" frameWidth="66" frameHeight="24"/>
    <SubTexture name="ppg_vslider-maximum-track-up-skin" x="471" y="114" width="32" height="24" frameX="-17" frameY="0" frameWidth="66" frameHeight="24"/>
    <SubTexture name="ppg_vslider-minimum-track-disabled-skin" x="435" y="114" width="32" height="24" frameX="-17" frameY="0" frameWidth="66" frameHeight="24"/>
    <SubTexture name="ppg_vslider-minimum-track-down-skin" x="381" y="157" width="32" height="24" frameX="-17" frameY="0" frameWidth="66" frameHeight="24"/>
    <SubTexture name="ppg_vslider-minimum-track-up-skin" x="393" y="129" width="32" height="24" frameX="-17" frameY="0" frameWidth="66" frameHeight="24"/>
</TextureAtlas>
